{
  "timestamp": "2026-01-06T05:39:15.798510",
  "config": {
    "diameter_mm": 100.0,
    "thickness_mm": 20.0,
    "material": "zerodur",
    "lattice_family": "gyroid",
    "volume_fraction": 0.3,
    "radial_gradient": 0.25
  },
  "aberration_comparison": {
    "solid_rms_nm": 33.19959732921156,
    "lattice_rms_nm": 25.75580001915136,
    "rms_reduction_pct": 22.42134817554119,
    "defocus_reduction_pct": 22.808863157554914
  },
  "modal_analysis": {
    "solid_first_mode_hz": 11547.32044417592,
    "lattice_first_mode_hz": 13831.264192398941,
    "frequency_improvement_pct": 19.778993397338034
  },
  "gravity_sag": {
    "solid_sag_nm": 0.0030354168812292363,
    "lattice_sag_nm": 0.002115714327297038,
    "sag_reduction_pct": 30.29905248335284
  },
  "manufacturing_immunity": {
    "within_20nm_pct": 0.0,
    "rms_95th_percentile_nm": 25.758423443168013,
    "samples": 100
  }
}