{
  "audit_date": "2026-01-06T07:54:26.056134",
  "num_samples": 1000,
  "sampling_method": "latin_hypercube",
  "variations": {
    "etch_3sigma_nm": 5.0,
    "conductivity_3sigma_pct": 10.0,
    "misalignment_3sigma_nm": 3.0
  },
  "thresholds": {
    "optical_min": 0.95,
    "magnetic_max_uT": 1.0,
    "warpage_max_um": 50.0
  },
  "results": {
    "optical": {
      "mean": 0.994534891792501,
      "std": 0.0030021678284544127,
      "min": 0.9853819985589937,
      "yield": 1.0
    },
    "magnetic": {
      "mean": 0.32518026781757664,
      "std": 0.05255421337414947,
      "max": 0.526722583340325,
      "yield": 1.0
    },
    "warpage": {
      "mean": 27.24027069617042,
      "std": 3.3470774777732943,
      "max": 39.24162008220501,
      "yield": 1.0
    },
    "combined": {
      "yield": 1.0,
      "total_samples": 1000,
      "passed_samples": 1000
    }
  },
  "verdict": "PASS"
}